"filename", "language", "Markdown", "C++", "C", "comment", "blank", "total"
"y:\workplace\24_platform_secrecy\01_fwlib\01_stm32\05_stm32f4\02_V1.9.0\CMSIS\DSP_Lib\Source\BasicMathFunctions\arm_abs_f32.c", "C", 0, 0, 39, 95, 32, 166
"y:\workplace\24_platform_secrecy\01_fwlib\01_stm32\05_stm32f4\02_V1.9.0\CMSIS\DSP_Lib\Source\BasicMathFunctions\arm_abs_q15.c", "C", 0, 0, 58, 81, 41, 180
"y:\workplace\24_platform_secrecy\01_fwlib\01_stm32\05_stm32f4\02_V1.9.0\CMSIS\DSP_Lib\Source\BasicMathFunctions\arm_abs_q31.c", "C", 0, 0, 34, 75, 22, 131
"y:\workplace\24_platform_secrecy\01_fwlib\01_stm32\05_stm32f4\02_V1.9.0\CMSIS\DSP_Lib\Source\BasicMathFunctions\arm_abs_q7.c", "C", 0, 0, 41, 89, 28, 158
"y:\workplace\24_platform_secrecy\01_fwlib\01_stm32\05_stm32f4\02_V1.9.0\CMSIS\DSP_Lib\Source\BasicMathFunctions\arm_add_f32.c", "C", 0, 0, 41, 86, 24, 151
"y:\workplace\24_platform_secrecy\01_fwlib\01_stm32\05_stm32f4\02_V1.9.0\CMSIS\DSP_Lib\Source\BasicMathFunctions\arm_add_q15.c", "C", 0, 0, 36, 79, 26, 141
"y:\workplace\24_platform_secrecy\01_fwlib\01_stm32\05_stm32f4\02_V1.9.0\CMSIS\DSP_Lib\Source\BasicMathFunctions\arm_add_q31.c", "C", 0, 0, 43, 79, 27, 149
"y:\workplace\24_platform_secrecy\01_fwlib\01_stm32\05_stm32f4\02_V1.9.0\CMSIS\DSP_Lib\Source\BasicMathFunctions\arm_add_q7.c", "C", 0, 0, 30, 79, 26, 135
"y:\workplace\24_platform_secrecy\01_fwlib\01_stm32\05_stm32f4\02_V1.9.0\CMSIS\DSP_Lib\Source\BasicMathFunctions\arm_dot_prod_f32.c", "C", 0, 0, 30, 84, 22, 136
"y:\workplace\24_platform_secrecy\01_fwlib\01_stm32\05_stm32f4\02_V1.9.0\CMSIS\DSP_Lib\Source\BasicMathFunctions\arm_dot_prod_q15.c", "C", 0, 0, 33, 83, 25, 141
"y:\workplace\24_platform_secrecy\01_fwlib\01_stm32\05_stm32f4\02_V1.9.0\CMSIS\DSP_Lib\Source\BasicMathFunctions\arm_dot_prod_q31.c", "C", 0, 0, 40, 81, 23, 144
"y:\workplace\24_platform_secrecy\01_fwlib\01_stm32\05_stm32f4\02_V1.9.0\CMSIS\DSP_Lib\Source\BasicMathFunctions\arm_dot_prod_q7.c", "C", 0, 0, 41, 88, 31, 160
"y:\workplace\24_platform_secrecy\01_fwlib\01_stm32\05_stm32f4\02_V1.9.0\CMSIS\DSP_Lib\Source\BasicMathFunctions\arm_mult_f32.c", "C", 0, 0, 46, 99, 30, 175
"y:\workplace\24_platform_secrecy\01_fwlib\01_stm32\05_stm32f4\02_V1.9.0\CMSIS\DSP_Lib\Source\BasicMathFunctions\arm_mult_q15.c", "C", 0, 0, 46, 81, 28, 155
"y:\workplace\24_platform_secrecy\01_fwlib\01_stm32\05_stm32f4\02_V1.9.0\CMSIS\DSP_Lib\Source\BasicMathFunctions\arm_mult_q31.c", "C", 0, 0, 57, 79, 25, 161
"y:\workplace\24_platform_secrecy\01_fwlib\01_stm32\05_stm32f4\02_V1.9.0\CMSIS\DSP_Lib\Source\BasicMathFunctions\arm_mult_q7.c", "C", 0, 0, 30, 77, 21, 128
"y:\workplace\24_platform_secrecy\01_fwlib\01_stm32\05_stm32f4\02_V1.9.0\CMSIS\DSP_Lib\Source\BasicMathFunctions\arm_negate_f32.c", "C", 0, 0, 38, 85, 24, 147
"y:\workplace\24_platform_secrecy\01_fwlib\01_stm32\05_stm32f4\02_V1.9.0\CMSIS\DSP_Lib\Source\BasicMathFunctions\arm_negate_q15.c", "C", 0, 0, 34, 84, 25, 143
"y:\workplace\24_platform_secrecy\01_fwlib\01_stm32\05_stm32f4\02_V1.9.0\CMSIS\DSP_Lib\Source\BasicMathFunctions\arm_negate_q31.c", "C", 0, 0, 34, 75, 21, 130
"y:\workplace\24_platform_secrecy\01_fwlib\01_stm32\05_stm32f4\02_V1.9.0\CMSIS\DSP_Lib\Source\BasicMathFunctions\arm_negate_q7.c", "C", 0, 0, 30, 75, 21, 126
"y:\workplace\24_platform_secrecy\01_fwlib\01_stm32\05_stm32f4\02_V1.9.0\CMSIS\DSP_Lib\Source\BasicMathFunctions\arm_offset_f32.c", "C", 0, 0, 39, 96, 31, 166
"y:\workplace\24_platform_secrecy\01_fwlib\01_stm32\05_stm32f4\02_V1.9.0\CMSIS\DSP_Lib\Source\BasicMathFunctions\arm_offset_q15.c", "C", 0, 0, 33, 80, 24, 137
"y:\workplace\24_platform_secrecy\01_fwlib\01_stm32\05_stm32f4\02_V1.9.0\CMSIS\DSP_Lib\Source\BasicMathFunctions\arm_offset_q31.c", "C", 0, 0, 38, 79, 24, 141
"y:\workplace\24_platform_secrecy\01_fwlib\01_stm32\05_stm32f4\02_V1.9.0\CMSIS\DSP_Lib\Source\BasicMathFunctions\arm_offset_q7.c", "C", 0, 0, 32, 80, 24, 136
"y:\workplace\24_platform_secrecy\01_fwlib\01_stm32\05_stm32f4\02_V1.9.0\CMSIS\DSP_Lib\Source\BasicMathFunctions\arm_scale_f32.c", "C", 0, 0, 39, 105, 26, 170
"y:\workplace\24_platform_secrecy\01_fwlib\01_stm32\05_stm32f4\02_V1.9.0\CMSIS\DSP_Lib\Source\BasicMathFunctions\arm_scale_q15.c", "C", 0, 0, 50, 85, 28, 163
"y:\workplace\24_platform_secrecy\01_fwlib\01_stm32\05_stm32f4\02_V1.9.0\CMSIS\DSP_Lib\Source\BasicMathFunctions\arm_scale_q31.c", "C", 0, 0, 103, 92, 45, 240
"y:\workplace\24_platform_secrecy\01_fwlib\01_stm32\05_stm32f4\02_V1.9.0\CMSIS\DSP_Lib\Source\BasicMathFunctions\arm_scale_q7.c", "C", 0, 0, 41, 83, 26, 150
"y:\workplace\24_platform_secrecy\01_fwlib\01_stm32\05_stm32f4\02_V1.9.0\CMSIS\DSP_Lib\Source\BasicMathFunctions\arm_shift_q15.c", "C", 0, 0, 97, 99, 53, 249
"y:\workplace\24_platform_secrecy\01_fwlib\01_stm32\05_stm32f4\02_V1.9.0\CMSIS\DSP_Lib\Source\BasicMathFunctions\arm_shift_q31.c", "C", 0, 0, 70, 98, 36, 204
"y:\workplace\24_platform_secrecy\01_fwlib\01_stm32\05_stm32f4\02_V1.9.0\CMSIS\DSP_Lib\Source\BasicMathFunctions\arm_shift_q7.c", "C", 0, 0, 82, 104, 35, 221
"y:\workplace\24_platform_secrecy\01_fwlib\01_stm32\05_stm32f4\02_V1.9.0\CMSIS\DSP_Lib\Source\BasicMathFunctions\arm_sub_f32.c", "C", 0, 0, 41, 86, 24, 151
"y:\workplace\24_platform_secrecy\01_fwlib\01_stm32\05_stm32f4\02_V1.9.0\CMSIS\DSP_Lib\Source\BasicMathFunctions\arm_sub_q15.c", "C", 0, 0, 37, 79, 25, 141
"y:\workplace\24_platform_secrecy\01_fwlib\01_stm32\05_stm32f4\02_V1.9.0\CMSIS\DSP_Lib\Source\BasicMathFunctions\arm_sub_q31.c", "C", 0, 0, 43, 79, 25, 147
"y:\workplace\24_platform_secrecy\01_fwlib\01_stm32\05_stm32f4\02_V1.9.0\CMSIS\DSP_Lib\Source\BasicMathFunctions\arm_sub_q7.c", "C", 0, 0, 30, 79, 23, 132
"y:\workplace\24_platform_secrecy\01_fwlib\01_stm32\05_stm32f4\02_V1.9.0\CMSIS\DSP_Lib\Source\CommonTables\arm_common_tables.c", "C", 0, 0, 26552, 622, 78, 27252
"y:\workplace\24_platform_secrecy\01_fwlib\01_stm32\05_stm32f4\02_V1.9.0\CMSIS\DSP_Lib\Source\CommonTables\arm_const_structs.c", "C", 0, 0, 82, 43, 32, 157
"y:\workplace\24_platform_secrecy\01_fwlib\01_stm32\05_stm32f4\02_V1.9.0\CMSIS\DSP_Lib\Source\ComplexMathFunctions\arm_cmplx_conj_f32.c", "C", 0, 0, 48, 105, 30, 183
"y:\workplace\24_platform_secrecy\01_fwlib\01_stm32\05_stm32f4\02_V1.9.0\CMSIS\DSP_Lib\Source\ComplexMathFunctions\arm_cmplx_conj_q15.c", "C", 0, 0, 56, 77, 29, 162
"y:\workplace\24_platform_secrecy\01_fwlib\01_stm32\05_stm32f4\02_V1.9.0\CMSIS\DSP_Lib\Source\ComplexMathFunctions\arm_cmplx_conj_q31.c", "C", 0, 0, 50, 97, 34, 181
"y:\workplace\24_platform_secrecy\01_fwlib\01_stm32\05_stm32f4\02_V1.9.0\CMSIS\DSP_Lib\Source\ComplexMathFunctions\arm_cmplx_dot_prod_f32.c", "C", 0, 0, 79, 94, 31, 204
"y:\workplace\24_platform_secrecy\01_fwlib\01_stm32\05_stm32f4\02_V1.9.0\CMSIS\DSP_Lib\Source\ComplexMathFunctions\arm_cmplx_dot_prod_q15.c", "C", 0, 0, 79, 79, 32, 190
"y:\workplace\24_platform_secrecy\01_fwlib\01_stm32\05_stm32f4\02_V1.9.0\CMSIS\DSP_Lib\Source\ComplexMathFunctions\arm_cmplx_dot_prod_q31.c", "C", 0, 0, 79, 78, 31, 188
"y:\workplace\24_platform_secrecy\01_fwlib\01_stm32\05_stm32f4\02_V1.9.0\CMSIS\DSP_Lib\Source\ComplexMathFunctions\arm_cmplx_mag_f32.c", "C", 0, 0, 44, 95, 27, 166
"y:\workplace\24_platform_secrecy\01_fwlib\01_stm32\05_stm32f4\02_V1.9.0\CMSIS\DSP_Lib\Source\ComplexMathFunctions\arm_cmplx_mag_q15.c", "C", 0, 0, 49, 76, 29, 154
"y:\workplace\24_platform_secrecy\01_fwlib\01_stm32\05_stm32f4\02_V1.9.0\CMSIS\DSP_Lib\Source\ComplexMathFunctions\arm_cmplx_mag_q31.c", "C", 0, 0, 66, 87, 33, 186
"y:\workplace\24_platform_secrecy\01_fwlib\01_stm32\05_stm32f4\02_V1.9.0\CMSIS\DSP_Lib\Source\ComplexMathFunctions\arm_cmplx_mag_squared_f32.c", "C", 0, 0, 57, 117, 42, 216
"y:\workplace\24_platform_secrecy\01_fwlib\01_stm32\05_stm32f4\02_V1.9.0\CMSIS\DSP_Lib\Source\ComplexMathFunctions\arm_cmplx_mag_squared_q15.c", "C", 0, 0, 49, 76, 24, 149
"y:\workplace\24_platform_secrecy\01_fwlib\01_stm32\05_stm32f4\02_V1.9.0\CMSIS\DSP_Lib\Source\ComplexMathFunctions\arm_cmplx_mag_squared_q31.c", "C", 0, 0, 57, 80, 25, 162
"y:\workplace\24_platform_secrecy\01_fwlib\01_stm32\05_stm32f4\02_V1.9.0\CMSIS\DSP_Lib\Source\ComplexMathFunctions\arm_cmplx_mult_cmplx_f32.c", "C", 0, 0, 75, 92, 41, 208
"y:\workplace\24_platform_secrecy\01_fwlib\01_stm32\05_stm32f4\02_V1.9.0\CMSIS\DSP_Lib\Source\ComplexMathFunctions\arm_cmplx_mult_cmplx_q15.c", "C", 0, 0, 75, 89, 30, 194
"y:\workplace\24_platform_secrecy\01_fwlib\01_stm32\05_stm32f4\02_V1.9.0\CMSIS\DSP_Lib\Source\ComplexMathFunctions\arm_cmplx_mult_cmplx_q31.c", "C", 0, 0, 163, 102, 62, 327
"y:\workplace\24_platform_secrecy\01_fwlib\01_stm32\05_stm32f4\02_V1.9.0\CMSIS\DSP_Lib\Source\ComplexMathFunctions\arm_cmplx_mult_real_f32.c", "C", 0, 0, 63, 120, 43, 226
"y:\workplace\24_platform_secrecy\01_fwlib\01_stm32\05_stm32f4\02_V1.9.0\CMSIS\DSP_Lib\Source\ComplexMathFunctions\arm_cmplx_mult_real_q15.c", "C", 0, 0, 81, 86, 37, 204
"y:\workplace\24_platform_secrecy\01_fwlib\01_stm32\05_stm32f4\02_V1.9.0\CMSIS\DSP_Lib\Source\ComplexMathFunctions\arm_cmplx_mult_real_q31.c", "C", 0, 0, 90, 99, 35, 224
"y:\workplace\24_platform_secrecy\01_fwlib\01_stm32\05_stm32f4\02_V1.9.0\CMSIS\DSP_Lib\Source\ControllerFunctions\arm_pid_init_f32.c", "C", 0, 0, 13, 64, 11, 88
"y:\workplace\24_platform_secrecy\01_fwlib\01_stm32\05_stm32f4\02_V1.9.0\CMSIS\DSP_Lib\Source\ControllerFunctions\arm_pid_init_q15.c", "C", 0, 0, 29, 68, 26, 123
"y:\workplace\24_platform_secrecy\01_fwlib\01_stm32\05_stm32f4\02_V1.9.0\CMSIS\DSP_Lib\Source\ControllerFunctions\arm_pid_init_q31.c", "C", 0, 0, 21, 67, 20, 108
"y:\workplace\24_platform_secrecy\01_fwlib\01_stm32\05_stm32f4\02_V1.9.0\CMSIS\DSP_Lib\Source\ControllerFunctions\arm_pid_reset_f32.c", "C", 0, 0, 6, 54, 6, 66
"y:\workplace\24_platform_secrecy\01_fwlib\01_stm32\05_stm32f4\02_V1.9.0\CMSIS\DSP_Lib\Source\ControllerFunctions\arm_pid_reset_q15.c", "C", 0, 0, 6, 54, 5, 65
"y:\workplace\24_platform_secrecy\01_fwlib\01_stm32\05_stm32f4\02_V1.9.0\CMSIS\DSP_Lib\Source\ControllerFunctions\arm_pid_reset_q31.c", "C", 0, 0, 6, 54, 6, 66
"y:\workplace\24_platform_secrecy\01_fwlib\01_stm32\05_stm32f4\02_V1.9.0\CMSIS\DSP_Lib\Source\ControllerFunctions\arm_sin_cos_f32.c", "C", 0, 0, 43, 89, 18, 150
"y:\workplace\24_platform_secrecy\01_fwlib\01_stm32\05_stm32f4\02_V1.9.0\CMSIS\DSP_Lib\Source\ControllerFunctions\arm_sin_cos_q31.c", "C", 0, 0, 43, 65, 15, 123
"y:\workplace\24_platform_secrecy\01_fwlib\01_stm32\05_stm32f4\02_V1.9.0\CMSIS\DSP_Lib\Source\FastMathFunctions\arm_cos_f32.c", "C", 0, 0, 25, 98, 16, 139
"y:\workplace\24_platform_secrecy\01_fwlib\01_stm32\05_stm32f4\02_V1.9.0\CMSIS\DSP_Lib\Source\FastMathFunctions\arm_cos_q15.c", "C", 0, 0, 22, 62, 13, 97
"y:\workplace\24_platform_secrecy\01_fwlib\01_stm32\05_stm32f4\02_V1.9.0\CMSIS\DSP_Lib\Source\FastMathFunctions\arm_cos_q31.c", "C", 0, 0, 22, 62, 13, 97
"y:\workplace\24_platform_secrecy\01_fwlib\01_stm32\05_stm32f4\02_V1.9.0\CMSIS\DSP_Lib\Source\FastMathFunctions\arm_sin_f32.c", "C", 0, 0, 25, 98, 17, 140
"y:\workplace\24_platform_secrecy\01_fwlib\01_stm32\05_stm32f4\02_V1.9.0\CMSIS\DSP_Lib\Source\FastMathFunctions\arm_sin_q15.c", "C", 0, 0, 17, 60, 12, 89
"y:\workplace\24_platform_secrecy\01_fwlib\01_stm32\05_stm32f4\02_V1.9.0\CMSIS\DSP_Lib\Source\FastMathFunctions\arm_sin_q31.c", "C", 0, 0, 17, 59, 12, 88
"y:\workplace\24_platform_secrecy\01_fwlib\01_stm32\05_stm32f4\02_V1.9.0\CMSIS\DSP_Lib\Source\FastMathFunctions\arm_sqrt_q15.c", "C", 0, 0, 68, 72, 16, 156
"y:\workplace\24_platform_secrecy\01_fwlib\01_stm32\05_stm32f4\02_V1.9.0\CMSIS\DSP_Lib\Source\FastMathFunctions\arm_sqrt_q31.c", "C", 0, 0, 67, 72, 15, 154
"y:\workplace\24_platform_secrecy\01_fwlib\01_stm32\05_stm32f4\02_V1.9.0\CMSIS\DSP_Lib\Source\FilteringFunctions\arm_biquad_cascade_df1_32x64_init_q31.c", "C", 0, 0, 14, 86, 11, 111
"y:\workplace\24_platform_secrecy\01_fwlib\01_stm32\05_stm32f4\02_V1.9.0\CMSIS\DSP_Lib\Source\FilteringFunctions\arm_biquad_cascade_df1_32x64_q31.c", "C", 0, 0, 151, 309, 102, 562
"y:\workplace\24_platform_secrecy\01_fwlib\01_stm32\05_stm32f4\02_V1.9.0\CMSIS\DSP_Lib\Source\FilteringFunctions\arm_biquad_cascade_df1_f32.c", "C", 0, 0, 101, 261, 64, 426
"y:\workplace\24_platform_secrecy\01_fwlib\01_stm32\05_stm32f4\02_V1.9.0\CMSIS\DSP_Lib\Source\FilteringFunctions\arm_biquad_cascade_df1_fast_q15.c", "C", 0, 0, 86, 132, 69, 287
"y:\workplace\24_platform_secrecy\01_fwlib\01_stm32\05_stm32f4\02_V1.9.0\CMSIS\DSP_Lib\Source\FilteringFunctions\arm_biquad_cascade_df1_fast_q31.c", "C", 0, 0, 94, 170, 42, 306
"y:\workplace\24_platform_secrecy\01_fwlib\01_stm32\05_stm32f4\02_V1.9.0\CMSIS\DSP_Lib\Source\FilteringFunctions\arm_biquad_cascade_df1_init_f32.c", "C", 0, 0, 12, 88, 10, 110
"y:\workplace\24_platform_secrecy\01_fwlib\01_stm32\05_stm32f4\02_V1.9.0\CMSIS\DSP_Lib\Source\FilteringFunctions\arm_biquad_cascade_df1_init_q15.c", "C", 0, 0, 14, 87, 11, 112
"y:\workplace\24_platform_secrecy\01_fwlib\01_stm32\05_stm32f4\02_V1.9.0\CMSIS\DSP_Lib\Source\FilteringFunctions\arm_biquad_cascade_df1_init_q31.c", "C", 0, 0, 14, 87, 11, 112
"y:\workplace\24_platform_secrecy\01_fwlib\01_stm32\05_stm32f4\02_V1.9.0\CMSIS\DSP_Lib\Source\FilteringFunctions\arm_biquad_cascade_df1_q15.c", "C", 0, 0, 146, 168, 98, 412
"y:\workplace\24_platform_secrecy\01_fwlib\01_stm32\05_stm32f4\02_V1.9.0\CMSIS\DSP_Lib\Source\FilteringFunctions\arm_biquad_cascade_df1_q31.c", "C", 0, 0, 140, 183, 83, 406
"y:\workplace\24_platform_secrecy\01_fwlib\01_stm32\05_stm32f4\02_V1.9.0\CMSIS\DSP_Lib\Source\FilteringFunctions\arm_biquad_cascade_df2T_f32.c", "C", 0, 0, 283, 205, 116, 604
"y:\workplace\24_platform_secrecy\01_fwlib\01_stm32\05_stm32f4\02_V1.9.0\CMSIS\DSP_Lib\Source\FilteringFunctions\arm_biquad_cascade_df2T_f64.c", "C", 0, 0, 283, 205, 116, 604
"y:\workplace\24_platform_secrecy\01_fwlib\01_stm32\05_stm32f4\02_V1.9.0\CMSIS\DSP_Lib\Source\FilteringFunctions\arm_biquad_cascade_df2T_init_f32.c", "C", 0, 0, 12, 81, 10, 103
"y:\workplace\24_platform_secrecy\01_fwlib\01_stm32\05_stm32f4\02_V1.9.0\CMSIS\DSP_Lib\Source\FilteringFunctions\arm_biquad_cascade_df2T_init_f64.c", "C", 0, 0, 12, 81, 10, 103
"y:\workplace\24_platform_secrecy\01_fwlib\01_stm32\05_stm32f4\02_V1.9.0\CMSIS\DSP_Lib\Source\FilteringFunctions\arm_biquad_cascade_stereo_df2T_f32.c", "C", 0, 0, 359, 211, 114, 684
"y:\workplace\24_platform_secrecy\01_fwlib\01_stm32\05_stm32f4\02_V1.9.0\CMSIS\DSP_Lib\Source\FilteringFunctions\arm_biquad_cascade_stereo_df2T_init_f32.c", "C", 0, 0, 12, 81, 10, 103
"y:\workplace\24_platform_secrecy\01_fwlib\01_stm32\05_stm32f4\02_V1.9.0\CMSIS\DSP_Lib\Source\FilteringFunctions\arm_conv_f32.c", "C", 0, 0, 220, 303, 125, 648
"y:\workplace\24_platform_secrecy\01_fwlib\01_stm32\05_stm32f4\02_V1.9.0\CMSIS\DSP_Lib\Source\FilteringFunctions\arm_conv_fast_opt_q15.c", "C", 0, 0, 248, 161, 135, 544
"y:\workplace\24_platform_secrecy\01_fwlib\01_stm32\05_stm32f4\02_V1.9.0\CMSIS\DSP_Lib\Source\FilteringFunctions\arm_conv_fast_q15.c", "C", 0, 0, 602, 465, 344, 1411
"y:\workplace\24_platform_secrecy\01_fwlib\01_stm32\05_stm32f4\02_V1.9.0\CMSIS\DSP_Lib\Source\FilteringFunctions\arm_conv_fast_q31.c", "C", 0, 0, 216, 250, 112, 578
"y:\workplace\24_platform_secrecy\01_fwlib\01_stm32\05_stm32f4\02_V1.9.0\CMSIS\DSP_Lib\Source\FilteringFunctions\arm_conv_opt_q15.c", "C", 0, 0, 248, 163, 135, 546
"y:\workplace\24_platform_secrecy\01_fwlib\01_stm32\05_stm32f4\02_V1.9.0\CMSIS\DSP_Lib\Source\FilteringFunctions\arm_conv_opt_q7.c", "C", 0, 0, 188, 148, 100, 436
"y:\workplace\24_platform_secrecy\01_fwlib\01_stm32\05_stm32f4\02_V1.9.0\CMSIS\DSP_Lib\Source\FilteringFunctions\arm_conv_partial_f32.c", "C", 0, 0, 259, 283, 128, 670
"y:\workplace\24_platform_secrecy\01_fwlib\01_stm32\05_stm32f4\02_V1.9.0\CMSIS\DSP_Lib\Source\FilteringFunctions\arm_conv_partial_fast_opt_q15.c", "C", 0, 0, 363, 219, 187, 769
"y:\workplace\24_platform_secrecy\01_fwlib\01_stm32\05_stm32f4\02_V1.9.0\CMSIS\DSP_Lib\Source\FilteringFunctions\arm_conv_partial_fast_q15.c", "C", 0, 0, 662, 474, 357, 1493
"y:\workplace\24_platform_secrecy\01_fwlib\01_stm32\05_stm32f4\02_V1.9.0\CMSIS\DSP_Lib\Source\FilteringFunctions\arm_conv_partial_fast_q31.c", "C", 0, 0, 246, 248, 118, 612
"y:\workplace\24_platform_secrecy\01_fwlib\01_stm32\05_stm32f4\02_V1.9.0\CMSIS\DSP_Lib\Source\FilteringFunctions\arm_conv_partial_opt_q15.c", "C", 0, 0, 363, 215, 188, 766
"y:\workplace\24_platform_secrecy\01_fwlib\01_stm32\05_stm32f4\02_V1.9.0\CMSIS\DSP_Lib\Source\FilteringFunctions\arm_conv_partial_opt_q7.c", "C", 0, 0, 387, 217, 200, 804
"y:\workplace\24_platform_secrecy\01_fwlib\01_stm32\05_stm32f4\02_V1.9.0\CMSIS\DSP_Lib\Source\FilteringFunctions\arm_conv_partial_q15.c", "C", 0, 0, 326, 290, 171, 787
"y:\workplace\24_platform_secrecy\01_fwlib\01_stm32\05_stm32f4\02_V1.9.0\CMSIS\DSP_Lib\Source\FilteringFunctions\arm_conv_partial_q31.c", "C", 0, 0, 247, 242, 119, 608
"y:\workplace\24_platform_secrecy\01_fwlib\01_stm32\05_stm32f4\02_V1.9.0\CMSIS\DSP_Lib\Source\FilteringFunctions\arm_conv_partial_q7.c", "C", 0, 0, 313, 271, 158, 742
"y:\workplace\24_platform_secrecy\01_fwlib\01_stm32\05_stm32f4\02_V1.9.0\CMSIS\DSP_Lib\Source\FilteringFunctions\arm_conv_q15.c", "C", 0, 0, 285, 286, 164, 735
"y:\workplace\24_platform_secrecy\01_fwlib\01_stm32\05_stm32f4\02_V1.9.0\CMSIS\DSP_Lib\Source\FilteringFunctions\arm_conv_q31.c", "C", 0, 0, 208, 247, 111, 566
"y:\workplace\24_platform_secrecy\01_fwlib\01_stm32\05_stm32f4\02_V1.9.0\CMSIS\DSP_Lib\Source\FilteringFunctions\arm_conv_q7.c", "C", 0, 0, 273, 266, 152, 691
"y:\workplace\24_platform_secrecy\01_fwlib\01_stm32\05_stm32f4\02_V1.9.0\CMSIS\DSP_Lib\Source\FilteringFunctions\arm_correlate_f32.c", "C", 0, 0, 255, 351, 134, 740
"y:\workplace\24_platform_secrecy\01_fwlib\01_stm32\05_stm32f4\02_V1.9.0\CMSIS\DSP_Lib\Source\FilteringFunctions\arm_correlate_fast_opt_q15.c", "C", 0, 0, 231, 155, 127, 513
"y:\workplace\24_platform_secrecy\01_fwlib\01_stm32\05_stm32f4\02_V1.9.0\CMSIS\DSP_Lib\Source\FilteringFunctions\arm_correlate_fast_q15.c", "C", 0, 0, 556, 449, 315, 1320
"y:\workplace\24_platform_secrecy\01_fwlib\01_stm32\05_stm32f4\02_V1.9.0\CMSIS\DSP_Lib\Source\FilteringFunctions\arm_correlate_fast_q31.c", "C", 0, 0, 231, 268, 114, 613
"y:\workplace\24_platform_secrecy\01_fwlib\01_stm32\05_stm32f4\02_V1.9.0\CMSIS\DSP_Lib\Source\FilteringFunctions\arm_correlate_opt_q15.c", "C", 0, 0, 231, 154, 129, 514
"y:\workplace\24_platform_secrecy\01_fwlib\01_stm32\05_stm32f4\02_V1.9.0\CMSIS\DSP_Lib\Source\FilteringFunctions\arm_correlate_opt_q7.c", "C", 0, 0, 196, 165, 104, 465
"y:\workplace\24_platform_secrecy\01_fwlib\01_stm32\05_stm32f4\02_V1.9.0\CMSIS\DSP_Lib\Source\FilteringFunctions\arm_correlate_q15.c", "C", 0, 0, 277, 296, 147, 720
"y:\workplace\24_platform_secrecy\01_fwlib\01_stm32\05_stm32f4\02_V1.9.0\CMSIS\DSP_Lib\Source\FilteringFunctions\arm_correlate_q31.c", "C", 0, 0, 242, 296, 128, 666
"y:\workplace\24_platform_secrecy\01_fwlib\01_stm32\05_stm32f4\02_V1.9.0\CMSIS\DSP_Lib\Source\FilteringFunctions\arm_correlate_q7.c", "C", 0, 0, 309, 313, 169, 791
"y:\workplace\24_platform_secrecy\01_fwlib\01_stm32\05_stm32f4\02_V1.9.0\CMSIS\DSP_Lib\Source\FilteringFunctions\arm_fir_decimate_f32.c", "C", 0, 0, 190, 232, 103, 525
"y:\workplace\24_platform_secrecy\01_fwlib\01_stm32\05_stm32f4\02_V1.9.0\CMSIS\DSP_Lib\Source\FilteringFunctions\arm_fir_decimate_fast_q15.c", "C", 0, 0, 244, 204, 151, 599
"y:\workplace\24_platform_secrecy\01_fwlib\01_stm32\05_stm32f4\02_V1.9.0\CMSIS\DSP_Lib\Source\FilteringFunctions\arm_fir_decimate_fast_q31.c", "C", 0, 0, 134, 142, 76, 352
"y:\workplace\24_platform_secrecy\01_fwlib\01_stm32\05_stm32f4\02_V1.9.0\CMSIS\DSP_Lib\Source\FilteringFunctions\arm_fir_decimate_init_f32.c", "C", 0, 0, 25, 78, 15, 118
"y:\workplace\24_platform_secrecy\01_fwlib\01_stm32\05_stm32f4\02_V1.9.0\CMSIS\DSP_Lib\Source\FilteringFunctions\arm_fir_decimate_init_q15.c", "C", 0, 0, 25, 79, 16, 120
"y:\workplace\24_platform_secrecy\01_fwlib\01_stm32\05_stm32f4\02_V1.9.0\CMSIS\DSP_Lib\Source\FilteringFunctions\arm_fir_decimate_init_q31.c", "C", 0, 0, 25, 78, 15, 118
"y:\workplace\24_platform_secrecy\01_fwlib\01_stm32\05_stm32f4\02_V1.9.0\CMSIS\DSP_Lib\Source\FilteringFunctions\arm_fir_decimate_q15.c", "C", 0, 0, 294, 222, 181, 697
"y:\workplace\24_platform_secrecy\01_fwlib\01_stm32\05_stm32f4\02_V1.9.0\CMSIS\DSP_Lib\Source\FilteringFunctions\arm_fir_decimate_q31.c", "C", 0, 0, 108, 131, 73, 312
"y:\workplace\24_platform_secrecy\01_fwlib\01_stm32\05_stm32f4\02_V1.9.0\CMSIS\DSP_Lib\Source\FilteringFunctions\arm_fir_f32.c", "C", 0, 0, 507, 309, 182, 998
"y:\workplace\24_platform_secrecy\01_fwlib\01_stm32\05_stm32f4\02_V1.9.0\CMSIS\DSP_Lib\Source\FilteringFunctions\arm_fir_fast_q15.c", "C", 0, 0, 134, 136, 76, 346
"y:\workplace\24_platform_secrecy\01_fwlib\01_stm32\05_stm32f4\02_V1.9.0\CMSIS\DSP_Lib\Source\FilteringFunctions\arm_fir_fast_q31.c", "C", 0, 0, 114, 134, 58, 306
"y:\workplace\24_platform_secrecy\01_fwlib\01_stm32\05_stm32f4\02_V1.9.0\CMSIS\DSP_Lib\Source\FilteringFunctions\arm_fir_init_f32.c", "C", 0, 0, 13, 73, 11, 97
"y:\workplace\24_platform_secrecy\01_fwlib\01_stm32\05_stm32f4\02_V1.9.0\CMSIS\DSP_Lib\Source\FilteringFunctions\arm_fir_init_q15.c", "C", 0, 0, 32, 97, 26, 155
"y:\workplace\24_platform_secrecy\01_fwlib\01_stm32\05_stm32f4\02_V1.9.0\CMSIS\DSP_Lib\Source\FilteringFunctions\arm_fir_init_q31.c", "C", 0, 0, 13, 73, 11, 97
"y:\workplace\24_platform_secrecy\01_fwlib\01_stm32\05_stm32f4\02_V1.9.0\CMSIS\DSP_Lib\Source\FilteringFunctions\arm_fir_init_q7.c", "C", 0, 0, 13, 71, 11, 95
"y:\workplace\24_platform_secrecy\01_fwlib\01_stm32\05_stm32f4\02_V1.9.0\CMSIS\DSP_Lib\Source\FilteringFunctions\arm_fir_interpolate_f32.c", "C", 0, 0, 208, 254, 120, 582
"y:\workplace\24_platform_secrecy\01_fwlib\01_stm32\05_stm32f4\02_V1.9.0\CMSIS\DSP_Lib\Source\FilteringFunctions\arm_fir_interpolate_init_f32.c", "C", 0, 0, 27, 79, 16, 122
"y:\workplace\24_platform_secrecy\01_fwlib\01_stm32\05_stm32f4\02_V1.9.0\CMSIS\DSP_Lib\Source\FilteringFunctions\arm_fir_interpolate_init_q15.c", "C", 0, 0, 26, 79, 16, 121
"y:\workplace\24_platform_secrecy\01_fwlib\01_stm32\05_stm32f4\02_V1.9.0\CMSIS\DSP_Lib\Source\FilteringFunctions\arm_fir_interpolate_init_q31.c", "C", 0, 0, 26, 79, 17, 122
"y:\workplace\24_platform_secrecy\01_fwlib\01_stm32\05_stm32f4\02_V1.9.0\CMSIS\DSP_Lib\Source\FilteringFunctions\arm_fir_interpolate_q15.c", "C", 0, 0, 198, 182, 129, 509
"y:\workplace\24_platform_secrecy\01_fwlib\01_stm32\05_stm32f4\02_V1.9.0\CMSIS\DSP_Lib\Source\FilteringFunctions\arm_fir_interpolate_q31.c", "C", 0, 0, 193, 184, 128, 505
"y:\workplace\24_platform_secrecy\01_fwlib\01_stm32\05_stm32f4\02_V1.9.0\CMSIS\DSP_Lib\Source\FilteringFunctions\arm_fir_lattice_f32.c", "C", 0, 0, 168, 239, 100, 507
"y:\workplace\24_platform_secrecy\01_fwlib\01_stm32\05_stm32f4\02_V1.9.0\CMSIS\DSP_Lib\Source\FilteringFunctions\arm_fir_lattice_init_f32.c", "C", 0, 0, 12, 61, 11, 84
"y:\workplace\24_platform_secrecy\01_fwlib\01_stm32\05_stm32f4\02_V1.9.0\CMSIS\DSP_Lib\Source\FilteringFunctions\arm_fir_lattice_init_q15.c", "C", 0, 0, 12, 61, 11, 84
"y:\workplace\24_platform_secrecy\01_fwlib\01_stm32\05_stm32f4\02_V1.9.0\CMSIS\DSP_Lib\Source\FilteringFunctions\arm_fir_lattice_init_q31.c", "C", 0, 0, 12, 61, 11, 84
"y:\workplace\24_platform_secrecy\01_fwlib\01_stm32\05_stm32f4\02_V1.9.0\CMSIS\DSP_Lib\Source\FilteringFunctions\arm_fir_lattice_q15.c", "C", 0, 0, 226, 172, 139, 537
"y:\workplace\24_platform_secrecy\01_fwlib\01_stm32\05_stm32f4\02_V1.9.0\CMSIS\DSP_Lib\Source\FilteringFunctions\arm_fir_lattice_q31.c", "C", 0, 0, 132, 133, 89, 354
"y:\workplace\24_platform_secrecy\01_fwlib\01_stm32\05_stm32f4\02_V1.9.0\CMSIS\DSP_Lib\Source\FilteringFunctions\arm_fir_q15.c", "C", 0, 0, 290, 227, 175, 692
"y:\workplace\24_platform_secrecy\01_fwlib\01_stm32\05_stm32f4\02_V1.9.0\CMSIS\DSP_Lib\Source\FilteringFunctions\arm_fir_q31.c", "C", 0, 0, 139, 148, 79, 366
"y:\workplace\24_platform_secrecy\01_fwlib\01_stm32\05_stm32f4\02_V1.9.0\CMSIS\DSP_Lib\Source\FilteringFunctions\arm_fir_q7.c", "C", 0, 0, 160, 151, 87, 398
"y:\workplace\24_platform_secrecy\01_fwlib\01_stm32\05_stm32f4\02_V1.9.0\CMSIS\DSP_Lib\Source\FilteringFunctions\arm_fir_sparse_f32.c", "C", 0, 0, 160, 197, 88, 445
"y:\workplace\24_platform_secrecy\01_fwlib\01_stm32\05_stm32f4\02_V1.9.0\CMSIS\DSP_Lib\Source\FilteringFunctions\arm_fir_sparse_init_f32.c", "C", 0, 0, 18, 76, 14, 108
"y:\workplace\24_platform_secrecy\01_fwlib\01_stm32\05_stm32f4\02_V1.9.0\CMSIS\DSP_Lib\Source\FilteringFunctions\arm_fir_sparse_init_q15.c", "C", 0, 0, 18, 76, 14, 108
"y:\workplace\24_platform_secrecy\01_fwlib\01_stm32\05_stm32f4\02_V1.9.0\CMSIS\DSP_Lib\Source\FilteringFunctions\arm_fir_sparse_init_q31.c", "C", 0, 0, 18, 75, 14, 107
"y:\workplace\24_platform_secrecy\01_fwlib\01_stm32\05_stm32f4\02_V1.9.0\CMSIS\DSP_Lib\Source\FilteringFunctions\arm_fir_sparse_init_q7.c", "C", 0, 0, 18, 76, 14, 108
"y:\workplace\24_platform_secrecy\01_fwlib\01_stm32\05_stm32f4\02_V1.9.0\CMSIS\DSP_Lib\Source\FilteringFunctions\arm_fir_sparse_q15.c", "C", 0, 0, 208, 161, 113, 482
"y:\workplace\24_platform_secrecy\01_fwlib\01_stm32\05_stm32f4\02_V1.9.0\CMSIS\DSP_Lib\Source\FilteringFunctions\arm_fir_sparse_q31.c", "C", 0, 0, 213, 150, 99, 462
"y:\workplace\24_platform_secrecy\01_fwlib\01_stm32\05_stm32f4\02_V1.9.0\CMSIS\DSP_Lib\Source\FilteringFunctions\arm_fir_sparse_q7.c", "C", 0, 0, 207, 170, 104, 481
"y:\workplace\24_platform_secrecy\01_fwlib\01_stm32\05_stm32f4\02_V1.9.0\CMSIS\DSP_Lib\Source\FilteringFunctions\arm_iir_lattice_f32.c", "C", 0, 0, 151, 202, 95, 448
"y:\workplace\24_platform_secrecy\01_fwlib\01_stm32\05_stm32f4\02_V1.9.0\CMSIS\DSP_Lib\Source\FilteringFunctions\arm_iir_lattice_init_f32.c", "C", 0, 0, 15, 64, 13, 92
"y:\workplace\24_platform_secrecy\01_fwlib\01_stm32\05_stm32f4\02_V1.9.0\CMSIS\DSP_Lib\Source\FilteringFunctions\arm_iir_lattice_init_q15.c", "C", 0, 0, 15, 64, 13, 92
"y:\workplace\24_platform_secrecy\01_fwlib\01_stm32\05_stm32f4\02_V1.9.0\CMSIS\DSP_Lib\Source\FilteringFunctions\arm_iir_lattice_init_q31.c", "C", 0, 0, 15, 64, 13, 92
"y:\workplace\24_platform_secrecy\01_fwlib\01_stm32\05_stm32f4\02_V1.9.0\CMSIS\DSP_Lib\Source\FilteringFunctions\arm_iir_lattice_q15.c", "C", 0, 0, 196, 157, 112, 465
"y:\workplace\24_platform_secrecy\01_fwlib\01_stm32\05_stm32f4\02_V1.9.0\CMSIS\DSP_Lib\Source\FilteringFunctions\arm_iir_lattice_q31.c", "C", 0, 0, 133, 151, 67, 351
"y:\workplace\24_platform_secrecy\01_fwlib\01_stm32\05_stm32f4\02_V1.9.0\CMSIS\DSP_Lib\Source\FilteringFunctions\arm_lms_f32.c", "C", 0, 0, 129, 238, 76, 443
"y:\workplace\24_platform_secrecy\01_fwlib\01_stm32\05_stm32f4\02_V1.9.0\CMSIS\DSP_Lib\Source\FilteringFunctions\arm_lms_init_f32.c", "C", 0, 0, 15, 70, 11, 96
"y:\workplace\24_platform_secrecy\01_fwlib\01_stm32\05_stm32f4\02_V1.9.0\CMSIS\DSP_Lib\Source\FilteringFunctions\arm_lms_init_q15.c", "C", 0, 0, 17, 76, 13, 106
"y:\workplace\24_platform_secrecy\01_fwlib\01_stm32\05_stm32f4\02_V1.9.0\CMSIS\DSP_Lib\Source\FilteringFunctions\arm_lms_init_q31.c", "C", 0, 0, 17, 76, 13, 106
"y:\workplace\24_platform_secrecy\01_fwlib\01_stm32\05_stm32f4\02_V1.9.0\CMSIS\DSP_Lib\Source\FilteringFunctions\arm_lms_norm_f32.c", "C", 0, 0, 145, 236, 86, 467
"y:\workplace\24_platform_secrecy\01_fwlib\01_stm32\05_stm32f4\02_V1.9.0\CMSIS\DSP_Lib\Source\FilteringFunctions\arm_lms_norm_init_f32.c", "C", 0, 0, 17, 75, 14, 106
"y:\workplace\24_platform_secrecy\01_fwlib\01_stm32\05_stm32f4\02_V1.9.0\CMSIS\DSP_Lib\Source\FilteringFunctions\arm_lms_norm_init_q15.c", "C", 0, 0, 21, 77, 15, 113
"y:\workplace\24_platform_secrecy\01_fwlib\01_stm32\05_stm32f4\02_V1.9.0\CMSIS\DSP_Lib\Source\FilteringFunctions\arm_lms_norm_init_q31.c", "C", 0, 0, 21, 76, 15, 112
"y:\workplace\24_platform_secrecy\01_fwlib\01_stm32\05_stm32f4\02_V1.9.0\CMSIS\DSP_Lib\Source\FilteringFunctions\arm_lms_norm_q15.c", "C", 0, 0, 176, 160, 105, 441
"y:\workplace\24_platform_secrecy\01_fwlib\01_stm32\05_stm32f4\02_V1.9.0\CMSIS\DSP_Lib\Source\FilteringFunctions\arm_lms_norm_q31.c", "C", 0, 0, 170, 166, 96, 432
"y:\workplace\24_platform_secrecy\01_fwlib\01_stm32\05_stm32f4\02_V1.9.0\CMSIS\DSP_Lib\Source\FilteringFunctions\arm_lms_q15.c", "C", 0, 0, 149, 143, 89, 381
"y:\workplace\24_platform_secrecy\01_fwlib\01_stm32\05_stm32f4\02_V1.9.0\CMSIS\DSP_Lib\Source\FilteringFunctions\arm_lms_q31.c", "C", 0, 0, 141, 149, 80, 370
"y:\workplace\24_platform_secrecy\01_fwlib\01_stm32\05_stm32f4\02_V1.9.0\CMSIS\DSP_Lib\Source\MatrixFunctions\arm_mat_add_f32.c", "C", 0, 0, 64, 101, 44, 209
"y:\workplace\24_platform_secrecy\01_fwlib\01_stm32\05_stm32f4\02_V1.9.0\CMSIS\DSP_Lib\Source\MatrixFunctions\arm_mat_add_q15.c", "C", 0, 0, 49, 86, 29, 164
"y:\workplace\24_platform_secrecy\01_fwlib\01_stm32\05_stm32f4\02_V1.9.0\CMSIS\DSP_Lib\Source\MatrixFunctions\arm_mat_add_q31.c", "C", 0, 0, 69, 95, 44, 208
"y:\workplace\24_platform_secrecy\01_fwlib\01_stm32\05_stm32f4\02_V1.9.0\CMSIS\DSP_Lib\Source\MatrixFunctions\arm_mat_cmplx_mult_f32.c", "C", 0, 0, 118, 100, 66, 284
"y:\workplace\24_platform_secrecy\01_fwlib\01_stm32\05_stm32f4\02_V1.9.0\CMSIS\DSP_Lib\Source\MatrixFunctions\arm_mat_cmplx_mult_q15.c", "C", 0, 0, 191, 152, 82, 425
"y:\workplace\24_platform_secrecy\01_fwlib\01_stm32\05_stm32f4\02_V1.9.0\CMSIS\DSP_Lib\Source\MatrixFunctions\arm_mat_cmplx_mult_q31.c", "C", 0, 0, 113, 120, 61, 294
"y:\workplace\24_platform_secrecy\01_fwlib\01_stm32\05_stm32f4\02_V1.9.0\CMSIS\DSP_Lib\Source\MatrixFunctions\arm_mat_init_f32.c", "C", 0, 0, 11, 68, 10, 89
"y:\workplace\24_platform_secrecy\01_fwlib\01_stm32\05_stm32f4\02_V1.9.0\CMSIS\DSP_Lib\Source\MatrixFunctions\arm_mat_init_q15.c", "C", 0, 0, 11, 60, 10, 81
"y:\workplace\24_platform_secrecy\01_fwlib\01_stm32\05_stm32f4\02_V1.9.0\CMSIS\DSP_Lib\Source\MatrixFunctions\arm_mat_init_q31.c", "C", 0, 0, 11, 63, 11, 85
"y:\workplace\24_platform_secrecy\01_fwlib\01_stm32\05_stm32f4\02_V1.9.0\CMSIS\DSP_Lib\Source\MatrixFunctions\arm_mat_inverse_f32.c", "C", 0, 0, 290, 298, 116, 704
"y:\workplace\24_platform_secrecy\01_fwlib\01_stm32\05_stm32f4\02_V1.9.0\CMSIS\DSP_Lib\Source\MatrixFunctions\arm_mat_inverse_f64.c", "C", 0, 0, 290, 298, 116, 704
"y:\workplace\24_platform_secrecy\01_fwlib\01_stm32\05_stm32f4\02_V1.9.0\CMSIS\DSP_Lib\Source\MatrixFunctions\arm_mat_mult_f32.c", "C", 0, 0, 114, 117, 56, 287
"y:\workplace\24_platform_secrecy\01_fwlib\01_stm32\05_stm32f4\02_V1.9.0\CMSIS\DSP_Lib\Source\MatrixFunctions\arm_mat_mult_fast_q15.c", "C", 0, 0, 146, 135, 89, 370
"y:\workplace\24_platform_secrecy\01_fwlib\01_stm32\05_stm32f4\02_V1.9.0\CMSIS\DSP_Lib\Source\MatrixFunctions\arm_mat_mult_fast_q31.c", "C", 0, 0, 80, 108, 39, 227
"y:\workplace\24_platform_secrecy\01_fwlib\01_stm32\05_stm32f4\02_V1.9.0\CMSIS\DSP_Lib\Source\MatrixFunctions\arm_mat_mult_q15.c", "C", 0, 0, 194, 161, 115, 470
"y:\workplace\24_platform_secrecy\01_fwlib\01_stm32\05_stm32f4\02_V1.9.0\CMSIS\DSP_Lib\Source\MatrixFunctions\arm_mat_mult_q31.c", "C", 0, 0, 113, 123, 59, 295
"y:\workplace\24_platform_secrecy\01_fwlib\01_stm32\05_stm32f4\02_V1.9.0\CMSIS\DSP_Lib\Source\MatrixFunctions\arm_mat_scale_f32.c", "C", 0, 0, 57, 95, 30, 182
"y:\workplace\24_platform_secrecy\01_fwlib\01_stm32\05_stm32f4\02_V1.9.0\CMSIS\DSP_Lib\Source\MatrixFunctions\arm_mat_scale_q15.c", "C", 0, 0, 67, 88, 29, 184
"y:\workplace\24_platform_secrecy\01_fwlib\01_stm32\05_stm32f4\02_V1.9.0\CMSIS\DSP_Lib\Source\MatrixFunctions\arm_mat_scale_q31.c", "C", 0, 0, 76, 86, 41, 203
"y:\workplace\24_platform_secrecy\01_fwlib\01_stm32\05_stm32f4\02_V1.9.0\CMSIS\DSP_Lib\Source\MatrixFunctions\arm_mat_sub_f32.c", "C", 0, 0, 64, 102, 44, 210
"y:\workplace\24_platform_secrecy\01_fwlib\01_stm32\05_stm32f4\02_V1.9.0\CMSIS\DSP_Lib\Source\MatrixFunctions\arm_mat_sub_q15.c", "C", 0, 0, 49, 84, 28, 161
"y:\workplace\24_platform_secrecy\01_fwlib\01_stm32\05_stm32f4\02_V1.9.0\CMSIS\DSP_Lib\Source\MatrixFunctions\arm_mat_sub_q31.c", "C", 0, 0, 69, 96, 44, 209
"y:\workplace\24_platform_secrecy\01_fwlib\01_stm32\05_stm32f4\02_V1.9.0\CMSIS\DSP_Lib\Source\MatrixFunctions\arm_mat_trans_f32.c", "C", 0, 0, 73, 98, 48, 219
"y:\workplace\24_platform_secrecy\01_fwlib\01_stm32\05_stm32f4\02_V1.9.0\CMSIS\DSP_Lib\Source\MatrixFunctions\arm_mat_trans_q15.c", "C", 0, 0, 105, 101, 79, 285
"y:\workplace\24_platform_secrecy\01_fwlib\01_stm32\05_stm32f4\02_V1.9.0\CMSIS\DSP_Lib\Source\MatrixFunctions\arm_mat_trans_q31.c", "C", 0, 0, 74, 91, 46, 211
"y:\workplace\24_platform_secrecy\01_fwlib\01_stm32\05_stm32f4\02_V1.9.0\CMSIS\DSP_Lib\Source\StatisticsFunctions\arm_max_f32.c", "C", 0, 0, 64, 89, 34, 187
"y:\workplace\24_platform_secrecy\01_fwlib\01_stm32\05_stm32f4\02_V1.9.0\CMSIS\DSP_Lib\Source\StatisticsFunctions\arm_max_q15.c", "C", 0, 0, 64, 82, 31, 177
"y:\workplace\24_platform_secrecy\01_fwlib\01_stm32\05_stm32f4\02_V1.9.0\CMSIS\DSP_Lib\Source\StatisticsFunctions\arm_max_q31.c", "C", 0, 0, 64, 82, 32, 178
"y:\workplace\24_platform_secrecy\01_fwlib\01_stm32\05_stm32f4\02_V1.9.0\CMSIS\DSP_Lib\Source\StatisticsFunctions\arm_max_q7.c", "C", 0, 0, 64, 82, 32, 178
"y:\workplace\24_platform_secrecy\01_fwlib\01_stm32\05_stm32f4\02_V1.9.0\CMSIS\DSP_Lib\Source\StatisticsFunctions\arm_mean_f32.c", "C", 0, 0, 34, 82, 24, 140
"y:\workplace\24_platform_secrecy\01_fwlib\01_stm32\05_stm32f4\02_V1.9.0\CMSIS\DSP_Lib\Source\StatisticsFunctions\arm_mean_q15.c", "C", 0, 0, 32, 81, 21, 134
"y:\workplace\24_platform_secrecy\01_fwlib\01_stm32\05_stm32f4\02_V1.9.0\CMSIS\DSP_Lib\Source\StatisticsFunctions\arm_mean_q31.c", "C", 0, 0, 34, 81, 22, 137
"y:\workplace\24_platform_secrecy\01_fwlib\01_stm32\05_stm32f4\02_V1.9.0\CMSIS\DSP_Lib\Source\StatisticsFunctions\arm_mean_q7.c", "C", 0, 0, 31, 81, 22, 134
"y:\workplace\24_platform_secrecy\01_fwlib\01_stm32\05_stm32f4\02_V1.9.0\CMSIS\DSP_Lib\Source\StatisticsFunctions\arm_min_f32.c", "C", 0, 0, 64, 87, 33, 184
"y:\workplace\24_platform_secrecy\01_fwlib\01_stm32\05_stm32f4\02_V1.9.0\CMSIS\DSP_Lib\Source\StatisticsFunctions\arm_min_q15.c", "C", 0, 0, 64, 80, 34, 178
"y:\workplace\24_platform_secrecy\01_fwlib\01_stm32\05_stm32f4\02_V1.9.0\CMSIS\DSP_Lib\Source\StatisticsFunctions\arm_min_q31.c", "C", 0, 0, 64, 80, 33, 177
"y:\workplace\24_platform_secrecy\01_fwlib\01_stm32\05_stm32f4\02_V1.9.0\CMSIS\DSP_Lib\Source\StatisticsFunctions\arm_min_q7.c", "C", 0, 0, 64, 80, 35, 179
"y:\workplace\24_platform_secrecy\01_fwlib\01_stm32\05_stm32f4\02_V1.9.0\CMSIS\DSP_Lib\Source\StatisticsFunctions\arm_power_f32.c", "C", 0, 0, 35, 84, 25, 144
"y:\workplace\24_platform_secrecy\01_fwlib\01_stm32\05_stm32f4\02_V1.9.0\CMSIS\DSP_Lib\Source\StatisticsFunctions\arm_power_q15.c", "C", 0, 0, 40, 87, 26, 153
"y:\workplace\24_platform_secrecy\01_fwlib\01_stm32\05_stm32f4\02_V1.9.0\CMSIS\DSP_Lib\Source\StatisticsFunctions\arm_power_q31.c", "C", 0, 0, 35, 85, 24, 144
"y:\workplace\24_platform_secrecy\01_fwlib\01_stm32\05_stm32f4\02_V1.9.0\CMSIS\DSP_Lib\Source\StatisticsFunctions\arm_power_q7.c", "C", 0, 0, 34, 85, 23, 142
"y:\workplace\24_platform_secrecy\01_fwlib\01_stm32\05_stm32f4\02_V1.9.0\CMSIS\DSP_Lib\Source\StatisticsFunctions\arm_rms_f32.c", "C", 0, 0, 35, 85, 22, 142
"y:\workplace\24_platform_secrecy\01_fwlib\01_stm32\05_stm32f4\02_V1.9.0\CMSIS\DSP_Lib\Source\StatisticsFunctions\arm_rms_q15.c", "C", 0, 0, 41, 88, 25, 154
"y:\workplace\24_platform_secrecy\01_fwlib\01_stm32\05_stm32f4\02_V1.9.0\CMSIS\DSP_Lib\Source\StatisticsFunctions\arm_rms_q31.c", "C", 0, 0, 37, 89, 25, 151
"y:\workplace\24_platform_secrecy\01_fwlib\01_stm32\05_stm32f4\02_V1.9.0\CMSIS\DSP_Lib\Source\StatisticsFunctions\arm_std_f32.c", "C", 0, 0, 68, 104, 37, 209
"y:\workplace\24_platform_secrecy\01_fwlib\01_stm32\05_stm32f4\02_V1.9.0\CMSIS\DSP_Lib\Source\StatisticsFunctions\arm_std_q15.c", "C", 0, 0, 62, 101, 33, 196
"y:\workplace\24_platform_secrecy\01_fwlib\01_stm32\05_stm32f4\02_V1.9.0\CMSIS\DSP_Lib\Source\StatisticsFunctions\arm_std_q31.c", "C", 0, 0, 57, 100, 30, 187
"y:\workplace\24_platform_secrecy\01_fwlib\01_stm32\05_stm32f4\02_V1.9.0\CMSIS\DSP_Lib\Source\StatisticsFunctions\arm_var_f32.c", "C", 0, 0, 66, 103, 36, 205
"y:\workplace\24_platform_secrecy\01_fwlib\01_stm32\05_stm32f4\02_V1.9.0\CMSIS\DSP_Lib\Source\StatisticsFunctions\arm_var_q15.c", "C", 0, 0, 62, 100, 34, 196
"y:\workplace\24_platform_secrecy\01_fwlib\01_stm32\05_stm32f4\02_V1.9.0\CMSIS\DSP_Lib\Source\StatisticsFunctions\arm_var_q31.c", "C", 0, 0, 57, 101, 30, 188
"y:\workplace\24_platform_secrecy\01_fwlib\01_stm32\05_stm32f4\02_V1.9.0\CMSIS\DSP_Lib\Source\SupportFunctions\arm_copy_f32.c", "C", 0, 0, 32, 82, 22, 136
"y:\workplace\24_platform_secrecy\01_fwlib\01_stm32\05_stm32f4\02_V1.9.0\CMSIS\DSP_Lib\Source\SupportFunctions\arm_copy_q15.c", "C", 0, 0, 25, 71, 19, 115
"y:\workplace\24_platform_secrecy\01_fwlib\01_stm32\05_stm32f4\02_V1.9.0\CMSIS\DSP_Lib\Source\SupportFunctions\arm_copy_q31.c", "C", 0, 0, 32, 71, 21, 124
"y:\workplace\24_platform_secrecy\01_fwlib\01_stm32\05_stm32f4\02_V1.9.0\CMSIS\DSP_Lib\Source\SupportFunctions\arm_copy_q7.c", "C", 0, 0, 24, 72, 20, 116
"y:\workplace\24_platform_secrecy\01_fwlib\01_stm32\05_stm32f4\02_V1.9.0\CMSIS\DSP_Lib\Source\SupportFunctions\arm_fill_f32.c", "C", 0, 0, 31, 82, 22, 135
"y:\workplace\24_platform_secrecy\01_fwlib\01_stm32\05_stm32f4\02_V1.9.0\CMSIS\DSP_Lib\Source\SupportFunctions\arm_fill_q15.c", "C", 0, 0, 27, 72, 22, 121
"y:\workplace\24_platform_secrecy\01_fwlib\01_stm32\05_stm32f4\02_V1.9.0\CMSIS\DSP_Lib\Source\SupportFunctions\arm_fill_q31.c", "C", 0, 0, 31, 71, 20, 122
"y:\workplace\24_platform_secrecy\01_fwlib\01_stm32\05_stm32f4\02_V1.9.0\CMSIS\DSP_Lib\Source\SupportFunctions\arm_fill_q7.c", "C", 0, 0, 26, 72, 21, 119
"y:\workplace\24_platform_secrecy\01_fwlib\01_stm32\05_stm32f4\02_V1.9.0\CMSIS\DSP_Lib\Source\SupportFunctions\arm_float_to_q15.c", "C", 0, 0, 69, 94, 42, 205
"y:\workplace\24_platform_secrecy\01_fwlib\01_stm32\05_stm32f4\02_V1.9.0\CMSIS\DSP_Lib\Source\SupportFunctions\arm_float_to_q31.c", "C", 0, 0, 69, 97, 46, 212
"y:\workplace\24_platform_secrecy\01_fwlib\01_stm32\05_stm32f4\02_V1.9.0\CMSIS\DSP_Lib\Source\SupportFunctions\arm_float_to_q7.c", "C", 0, 0, 69, 93, 42, 204
"y:\workplace\24_platform_secrecy\01_fwlib\01_stm32\05_stm32f4\02_V1.9.0\CMSIS\DSP_Lib\Source\SupportFunctions\arm_q15_to_float.c", "C", 0, 0, 28, 82, 25, 135
"y:\workplace\24_platform_secrecy\01_fwlib\01_stm32\05_stm32f4\02_V1.9.0\CMSIS\DSP_Lib\Source\SupportFunctions\arm_q15_to_q31.c", "C", 0, 0, 43, 87, 27, 157
"y:\workplace\24_platform_secrecy\01_fwlib\01_stm32\05_stm32f4\02_V1.9.0\CMSIS\DSP_Lib\Source\SupportFunctions\arm_q15_to_q7.c", "C", 0, 0, 40, 84, 31, 155
"y:\workplace\24_platform_secrecy\01_fwlib\01_stm32\05_stm32f4\02_V1.9.0\CMSIS\DSP_Lib\Source\SupportFunctions\arm_q31_to_float.c", "C", 0, 0, 28, 82, 22, 132
"y:\workplace\24_platform_secrecy\01_fwlib\01_stm32\05_stm32f4\02_V1.9.0\CMSIS\DSP_Lib\Source\SupportFunctions\arm_q31_to_q15.c", "C", 0, 0, 39, 80, 27, 146
"y:\workplace\24_platform_secrecy\01_fwlib\01_stm32\05_stm32f4\02_V1.9.0\CMSIS\DSP_Lib\Source\SupportFunctions\arm_q31_to_q7.c", "C", 0, 0, 35, 79, 23, 137
"y:\workplace\24_platform_secrecy\01_fwlib\01_stm32\05_stm32f4\02_V1.9.0\CMSIS\DSP_Lib\Source\SupportFunctions\arm_q7_to_float.c", "C", 0, 0, 28, 82, 22, 132
"y:\workplace\24_platform_secrecy\01_fwlib\01_stm32\05_stm32f4\02_V1.9.0\CMSIS\DSP_Lib\Source\SupportFunctions\arm_q7_to_q15.c", "C", 0, 0, 43, 81, 34, 158
"y:\workplace\24_platform_secrecy\01_fwlib\01_stm32\05_stm32f4\02_V1.9.0\CMSIS\DSP_Lib\Source\SupportFunctions\arm_q7_to_q31.c", "C", 0, 0, 37, 79, 27, 143
"y:\workplace\24_platform_secrecy\01_fwlib\01_stm32\05_stm32f4\02_V1.9.0\CMSIS\DSP_Lib\Source\TransformFunctions\arm_bitreversal.c", "C", 0, 0, 112, 93, 38, 243
"y:\workplace\24_platform_secrecy\01_fwlib\01_stm32\05_stm32f4\02_V1.9.0\CMSIS\DSP_Lib\Source\TransformFunctions\arm_cfft_f32.c", "C", 0, 0, 298, 267, 68, 633
"y:\workplace\24_platform_secrecy\01_fwlib\01_stm32\05_stm32f4\02_V1.9.0\CMSIS\DSP_Lib\Source\TransformFunctions\arm_cfft_q15.c", "C", 0, 0, 229, 62, 67, 358
"y:\workplace\24_platform_secrecy\01_fwlib\01_stm32\05_stm32f4\02_V1.9.0\CMSIS\DSP_Lib\Source\TransformFunctions\arm_cfft_q31.c", "C", 0, 0, 163, 62, 40, 265
"y:\workplace\24_platform_secrecy\01_fwlib\01_stm32\05_stm32f4\02_V1.9.0\CMSIS\DSP_Lib\Source\TransformFunctions\arm_cfft_radix2_f32.c", "C", 0, 0, 291, 95, 100, 486
"y:\workplace\24_platform_secrecy\01_fwlib\01_stm32\05_stm32f4\02_V1.9.0\CMSIS\DSP_Lib\Source\TransformFunctions\arm_cfft_radix2_init_f32.c", "C", 0, 0, 75, 103, 28, 206
"y:\workplace\24_platform_secrecy\01_fwlib\01_stm32\05_stm32f4\02_V1.9.0\CMSIS\DSP_Lib\Source\TransformFunctions\arm_cfft_radix2_init_q15.c", "C", 0, 0, 66, 92, 32, 190
"y:\workplace\24_platform_secrecy\01_fwlib\01_stm32\05_stm32f4\02_V1.9.0\CMSIS\DSP_Lib\Source\TransformFunctions\arm_cfft_radix2_init_q31.c", "C", 0, 0, 66, 99, 23, 188
"y:\workplace\24_platform_secrecy\01_fwlib\01_stm32\05_stm32f4\02_V1.9.0\CMSIS\DSP_Lib\Source\TransformFunctions\arm_cfft_radix2_q15.c", "C", 0, 0, 427, 88, 228, 743
"y:\workplace\24_platform_secrecy\01_fwlib\01_stm32\05_stm32f4\02_V1.9.0\CMSIS\DSP_Lib\Source\TransformFunctions\arm_cfft_radix2_q31.c", "C", 0, 0, 206, 70, 76, 352
"y:\workplace\24_platform_secrecy\01_fwlib\01_stm32\05_stm32f4\02_V1.9.0\CMSIS\DSP_Lib\Source\TransformFunctions\arm_cfft_radix4_f32.c", "C", 0, 0, 589, 382, 240, 1211
"y:\workplace\24_platform_secrecy\01_fwlib\01_stm32\05_stm32f4\02_V1.9.0\CMSIS\DSP_Lib\Source\TransformFunctions\arm_cfft_radix4_init_f32.c", "C", 0, 0, 51, 91, 24, 166
"y:\workplace\24_platform_secrecy\01_fwlib\01_stm32\05_stm32f4\02_V1.9.0\CMSIS\DSP_Lib\Source\TransformFunctions\arm_cfft_radix4_init_q15.c", "C", 0, 0, 46, 85, 22, 153
"y:\workplace\24_platform_secrecy\01_fwlib\01_stm32\05_stm32f4\02_V1.9.0\CMSIS\DSP_Lib\Source\TransformFunctions\arm_cfft_radix4_init_q31.c", "C", 0, 0, 46, 89, 14, 149
"y:\workplace\24_platform_secrecy\01_fwlib\01_stm32\05_stm32f4\02_V1.9.0\CMSIS\DSP_Lib\Source\TransformFunctions\arm_cfft_radix4_q15.c", "C", 0, 0, 751, 713, 461, 1925
"y:\workplace\24_platform_secrecy\01_fwlib\01_stm32\05_stm32f4\02_V1.9.0\CMSIS\DSP_Lib\Source\TransformFunctions\arm_cfft_radix4_q31.c", "C", 0, 0, 619, 478, 308, 1405
"y:\workplace\24_platform_secrecy\01_fwlib\01_stm32\05_stm32f4\02_V1.9.0\CMSIS\DSP_Lib\Source\TransformFunctions\arm_cfft_radix8_f32.c", "C", 0, 0, 226, 137, 22, 385
"y:\workplace\24_platform_secrecy\01_fwlib\01_stm32\05_stm32f4\02_V1.9.0\CMSIS\DSP_Lib\Source\TransformFunctions\arm_dct4_f32.c", "C", 0, 0, 128, 249, 85, 462
"y:\workplace\24_platform_secrecy\01_fwlib\01_stm32\05_stm32f4\02_V1.9.0\CMSIS\DSP_Lib\Source\TransformFunctions\arm_dct4_init_f32.c", "C", 0, 0, 16383, 107, 30, 16520
"y:\workplace\24_platform_secrecy\01_fwlib\01_stm32\05_stm32f4\02_V1.9.0\CMSIS\DSP_Lib\Source\TransformFunctions\arm_dct4_init_q15.c", "C", 0, 0, 4142, 112, 31, 4285
"y:\workplace\24_platform_secrecy\01_fwlib\01_stm32\05_stm32f4\02_V1.9.0\CMSIS\DSP_Lib\Source\TransformFunctions\arm_dct4_init_q31.c", "C", 0, 0, 8221, 111, 33, 8365
"y:\workplace\24_platform_secrecy\01_fwlib\01_stm32\05_stm32f4\02_V1.9.0\CMSIS\DSP_Lib\Source\TransformFunctions\arm_dct4_q15.c", "C", 0, 0, 130, 181, 84, 395
"y:\workplace\24_platform_secrecy\01_fwlib\01_stm32\05_stm32f4\02_V1.9.0\CMSIS\DSP_Lib\Source\TransformFunctions\arm_dct4_q31.c", "C", 0, 0, 130, 182, 84, 396
"y:\workplace\24_platform_secrecy\01_fwlib\01_stm32\05_stm32f4\02_V1.9.0\CMSIS\DSP_Lib\Source\TransformFunctions\arm_rfft_f32.c", "C", 0, 0, 139, 130, 61, 330
"y:\workplace\24_platform_secrecy\01_fwlib\01_stm32\05_stm32f4\02_V1.9.0\CMSIS\DSP_Lib\Source\TransformFunctions\arm_rfft_fast_f32.c", "C", 0, 0, 105, 208, 41, 354
"y:\workplace\24_platform_secrecy\01_fwlib\01_stm32\05_stm32f4\02_V1.9.0\CMSIS\DSP_Lib\Source\TransformFunctions\arm_rfft_fast_init_f32.c", "C", 0, 0, 67, 69, 8, 144
"y:\workplace\24_platform_secrecy\01_fwlib\01_stm32\05_stm32f4\02_V1.9.0\CMSIS\DSP_Lib\Source\TransformFunctions\arm_rfft_init_f32.c", "C", 0, 0, 8240, 109, 28, 8377
"y:\workplace\24_platform_secrecy\01_fwlib\01_stm32\05_stm32f4\02_V1.9.0\CMSIS\DSP_Lib\Source\TransformFunctions\arm_rfft_init_q15.c", "C", 0, 0, 2111, 107, 18, 2236
"y:\workplace\24_platform_secrecy\01_fwlib\01_stm32\05_stm32f4\02_V1.9.0\CMSIS\DSP_Lib\Source\TransformFunctions\arm_rfft_init_q31.c", "C", 0, 0, 4159, 107, 20, 4286
"y:\workplace\24_platform_secrecy\01_fwlib\01_stm32\05_stm32f4\02_V1.9.0\CMSIS\DSP_Lib\Source\TransformFunctions\arm_rfft_q15.c", "C", 0, 0, 181, 166, 93, 440
"y:\workplace\24_platform_secrecy\01_fwlib\01_stm32\05_stm32f4\02_V1.9.0\CMSIS\DSP_Lib\Source\TransformFunctions\arm_rfft_q31.c", "C", 0, 0, 117, 134, 46, 297
"y:\workplace\24_platform_secrecy\01_fwlib\01_stm32\05_stm32f4\02_V1.9.0\CMSIS\Include\arm_common_tables.h", "C++", 0, 82, 0, 44, 11, 137
"y:\workplace\24_platform_secrecy\01_fwlib\01_stm32\05_stm32f4\02_V1.9.0\CMSIS\Include\arm_const_structs.h", "C++", 0, 32, 0, 41, 7, 80
"y:\workplace\24_platform_secrecy\01_fwlib\01_stm32\05_stm32f4\02_V1.9.0\CMSIS\Include\arm_math.h", "C++", 0, 2935, 0, 3403, 1219, 7557
"y:\workplace\24_platform_secrecy\01_fwlib\01_stm32\05_stm32f4\02_V1.9.0\CMSIS\Include\core_cm0.h", "C++", 0, 345, 0, 243, 153, 741
"y:\workplace\24_platform_secrecy\01_fwlib\01_stm32\05_stm32f4\02_V1.9.0\CMSIS\Include\core_cm0plus.h", "C++", 0, 417, 0, 258, 180, 855
"y:\workplace\24_platform_secrecy\01_fwlib\01_stm32\05_stm32f4\02_V1.9.0\CMSIS\Include\core_cm3.h", "C++", 0, 916, 0, 402, 376, 1694
"y:\workplace\24_platform_secrecy\01_fwlib\01_stm32\05_stm32f4\02_V1.9.0\CMSIS\Include\core_cm4.h", "C++", 0, 1042, 0, 416, 413, 1871
"y:\workplace\24_platform_secrecy\01_fwlib\01_stm32\05_stm32f4\02_V1.9.0\CMSIS\Include\core_cm7.h", "C++", 0, 1375, 0, 501, 522, 2398
"y:\workplace\24_platform_secrecy\01_fwlib\01_stm32\05_stm32f4\02_V1.9.0\CMSIS\Include\core_cmFunc.h", "C++", 0, 241, 0, 303, 121, 665
"y:\workplace\24_platform_secrecy\01_fwlib\01_stm32\05_stm32f4\02_V1.9.0\CMSIS\Include\core_cmInstr.h", "C++", 0, 288, 0, 473, 156, 917
"y:\workplace\24_platform_secrecy\01_fwlib\01_stm32\05_stm32f4\02_V1.9.0\CMSIS\Include\core_cmSimd.h", "C++", 0, 495, 0, 50, 153, 698
"y:\workplace\24_platform_secrecy\01_fwlib\01_stm32\05_stm32f4\02_V1.9.0\CMSIS\Include\core_sc000.h", "C++", 0, 415, 0, 267, 183, 865
"y:\workplace\24_platform_secrecy\01_fwlib\01_stm32\05_stm32f4\02_V1.9.0\CMSIS\Include\core_sc300.h", "C++", 0, 903, 0, 401, 372, 1676
"y:\workplace\24_platform_secrecy\01_fwlib\01_stm32\05_stm32f4\02_V1.9.0\CMSIS\STM32F4xx\Include\stm32f4xx.h", "C++", 0, 9455, 0, 1250, 1363, 12068
"y:\workplace\24_platform_secrecy\01_fwlib\01_stm32\05_stm32f4\02_V1.9.0\CMSIS\STM32F4xx\Include\system_stm32f4xx.h", "C++", 0, 12, 0, 64, 22, 98
"y:\workplace\24_platform_secrecy\01_fwlib\01_stm32\05_stm32f4\02_V1.9.0\README.md", "Markdown", 6, 0, 0, 0, 1, 7
"y:\workplace\24_platform_secrecy\01_fwlib\01_stm32\05_stm32f4\02_V1.9.0\inc\misc.h", "C++", 0, 49, 0, 87, 35, 171
"y:\workplace\24_platform_secrecy\01_fwlib\01_stm32\05_stm32f4\02_V1.9.0\inc\stm32f4xx_adc.h", "C++", 0, 344, 0, 222, 83, 649
"y:\workplace\24_platform_secrecy\01_fwlib\01_stm32\05_stm32f4\02_V1.9.0\inc\stm32f4xx_can.h", "C++", 0, 264, 0, 273, 113, 650
"y:\workplace\24_platform_secrecy\01_fwlib\01_stm32\05_stm32f4\02_V1.9.0\inc\stm32f4xx_cec.h", "C++", 0, 133, 0, 118, 43, 294
"y:\workplace\24_platform_secrecy\01_fwlib\01_stm32\05_stm32f4\02_V1.9.0\inc\stm32f4xx_crc.h", "C++", 0, 16, 0, 44, 16, 76
"y:\workplace\24_platform_secrecy\01_fwlib\01_stm32\05_stm32f4\02_V1.9.0\inc\stm32f4xx_cryp.h", "C++", 0, 186, 0, 137, 54, 377
"y:\workplace\24_platform_secrecy\01_fwlib\01_stm32\05_stm32f4\02_V1.9.0\inc\stm32f4xx_dac.h", "C++", 0, 129, 0, 118, 50, 297
"y:\workplace\24_platform_secrecy\01_fwlib\01_stm32\05_stm32f4\02_V1.9.0\inc\stm32f4xx_dbgmcu.h", "C++", 0, 43, 0, 43, 16, 102
"y:\workplace\24_platform_secrecy\01_fwlib\01_stm32\05_stm32f4\02_V1.9.0\inc\stm32f4xx_dcmi.h", "C++", 0, 121, 0, 135, 49, 305
"y:\workplace\24_platform_secrecy\01_fwlib\01_stm32\05_stm32f4\02_V1.9.0\inc\stm32f4xx_dfsdm.h", "C++", 0, 465, 0, 249, 108, 822
"y:\workplace\24_platform_secrecy\01_fwlib\01_stm32\05_stm32f4\02_V1.9.0\inc\stm32f4xx_dma.h", "C++", 0, 304, 0, 198, 100, 602
"y:\workplace\24_platform_secrecy\01_fwlib\01_stm32\05_stm32f4\02_V1.9.0\inc\stm32f4xx_dma2d.h", "C++", 0, 167, 0, 178, 123, 468
"y:\workplace\24_platform_secrecy\01_fwlib\01_stm32\05_stm32f4\02_V1.9.0\inc\stm32f4xx_dsi.h", "C++", 0, 425, 0, 427, 152, 1004
"y:\workplace\24_platform_secrecy\01_fwlib\01_stm32\05_stm32f4\02_V1.9.0\inc\stm32f4xx_exti.h", "C++", 0, 77, 0, 66, 35, 178
"y:\workplace\24_platform_secrecy\01_fwlib\01_stm32\05_stm32f4\02_V1.9.0\inc\stm32f4xx_flash.h", "C++", 0, 272, 0, 167, 51, 490
"y:\workplace\24_platform_secrecy\01_fwlib\01_stm32\05_stm32f4\02_V1.9.0\inc\stm32f4xx_flash_ramfunc.h", "C++", 0, 19, 0, 59, 18, 96
"y:\workplace\24_platform_secrecy\01_fwlib\01_stm32\05_stm32f4\02_V1.9.0\inc\stm32f4xx_fmc.h", "C++", 0, 361, 0, 546, 229, 1136
"y:\workplace\24_platform_secrecy\01_fwlib\01_stm32\05_stm32f4\02_V1.9.0\inc\stm32f4xx_fmpi2c.h", "C++", 0, 199, 0, 170, 98, 467
"y:\workplace\24_platform_secrecy\01_fwlib\01_stm32\05_stm32f4\02_V1.9.0\inc\stm32f4xx_fsmc.h", "C++", 0, 210, 0, 347, 111, 668
"y:\workplace\24_platform_secrecy\01_fwlib\01_stm32\05_stm32f4\02_V1.9.0\inc\stm32f4xx_gpio.h", "C++", 0, 369, 0, 147, 69, 585
"y:\workplace\24_platform_secrecy\01_fwlib\01_stm32\05_stm32f4\02_V1.9.0\inc\stm32f4xx_hash.h", "C++", 0, 95, 0, 111, 44, 250
"y:\workplace\24_platform_secrecy\01_fwlib\01_stm32\05_stm32f4\02_V1.9.0\inc\stm32f4xx_i2c.h", "C++", 0, 208, 0, 403, 91, 702
"y:\workplace\24_platform_secrecy\01_fwlib\01_stm32\05_stm32f4\02_V1.9.0\inc\stm32f4xx_iwdg.h", "C++", 0, 38, 0, 65, 21, 124
"y:\workplace\24_platform_secrecy\01_fwlib\01_stm32\05_stm32f4\02_V1.9.0\inc\stm32f4xx_lptim.h", "C++", 0, 182, 0, 157, 40, 379
"y:\workplace\24_platform_secrecy\01_fwlib\01_stm32\05_stm32f4\02_V1.9.0\inc\stm32f4xx_ltdc.h", "C++", 0, 191, 0, 204, 101, 496
"y:\workplace\24_platform_secrecy\01_fwlib\01_stm32\05_stm32f4\02_V1.9.0\inc\stm32f4xx_pwr.h", "C++", 0, 99, 0, 96, 43, 238
"y:\workplace\24_platform_secrecy\01_fwlib\01_stm32\05_stm32f4\02_V1.9.0\inc\stm32f4xx_qspi.h", "C++", 0, 193, 0, 227, 66, 486
"y:\workplace\24_platform_secrecy\01_fwlib\01_stm32\05_stm32f4\02_V1.9.0\inc\stm32f4xx_rcc.h", "C++", 0, 642, 0, 300, 117, 1059
"y:\workplace\24_platform_secrecy\01_fwlib\01_stm32\05_stm32f4\02_V1.9.0\inc\stm32f4xx_rng.h", "C++", 0, 32, 0, 60, 22, 114
"y:\workplace\24_platform_secrecy\01_fwlib\01_stm32\05_stm32f4\02_V1.9.0\inc\stm32f4xx_rtc.h", "C++", 0, 392, 0, 364, 125, 881
"y:\workplace\24_platform_secrecy\01_fwlib\01_stm32\05_stm32f4\02_V1.9.0\inc\stm32f4xx_sai.h", "C++", 0, 260, 0, 269, 113, 642
"y:\workplace\24_platform_secrecy\01_fwlib\01_stm32\05_stm32f4\02_V1.9.0\inc\stm32f4xx_sdio.h", "C++", 0, 256, 0, 187, 86, 529
"y:\workplace\24_platform_secrecy\01_fwlib\01_stm32\05_stm32f4\02_V1.9.0\inc\stm32f4xx_spdifrx.h", "C++", 0, 108, 0, 112, 35, 255
"y:\workplace\24_platform_secrecy\01_fwlib\01_stm32\05_stm32f4\02_V1.9.0\inc\stm32f4xx_spi.h", "C++", 0, 238, 0, 206, 98, 542
"y:\workplace\24_platform_secrecy\01_fwlib\01_stm32\05_stm32f4\02_V1.9.0\inc\stm32f4xx_syscfg.h", "C++", 0, 173, 0, 128, 42, 343
"y:\workplace\24_platform_secrecy\01_fwlib\01_stm32\05_stm32f4\02_V1.9.0\inc\stm32f4xx_tim.h", "C++", 0, 593, 0, 390, 160, 1143
"y:\workplace\24_platform_secrecy\01_fwlib\01_stm32\05_stm32f4\02_V1.9.0\inc\stm32f4xx_usart.h", "C++", 0, 173, 0, 175, 78, 426
"y:\workplace\24_platform_secrecy\01_fwlib\01_stm32\05_stm32f4\02_V1.9.0\inc\stm32f4xx_wwdg.h", "C++", 0, 28, 0, 54, 22, 104
"y:\workplace\24_platform_secrecy\01_fwlib\01_stm32\05_stm32f4\02_V1.9.0\src\misc.c", "C", 0, 0, 62, 155, 25, 242
"y:\workplace\24_platform_secrecy\01_fwlib\01_stm32\05_stm32f4\02_V1.9.0\src\stm32f4xx_adc.c", "C", 0, 0, 518, 1056, 164, 1738
"y:\workplace\24_platform_secrecy\01_fwlib\01_stm32\05_stm32f4\02_V1.9.0\src\stm32f4xx_can.c", "C", 0, 0, 829, 868, 152, 1849
"y:\workplace\24_platform_secrecy\01_fwlib\01_stm32\05_stm32f4\02_V1.9.0\src\stm32f4xx_cec.c", "C", 0, 0, 144, 408, 49, 601
"y:\workplace\24_platform_secrecy\01_fwlib\01_stm32\05_stm32f4\02_V1.9.0\src\stm32f4xx_crc.c", "C", 0, 0, 31, 77, 18, 126
"y:\workplace\24_platform_secrecy\01_fwlib\01_stm32\05_stm32f4\02_V1.9.0\src\stm32f4xx_cryp.c", "C", 0, 0, 280, 571, 76, 927
"y:\workplace\24_platform_secrecy\01_fwlib\01_stm32\05_stm32f4\02_V1.9.0\src\stm32f4xx_cryp_aes.c", "C", 0, 0, 1104, 400, 196, 1700
"y:\workplace\24_platform_secrecy\01_fwlib\01_stm32\05_stm32f4\02_V1.9.0\src\stm32f4xx_cryp_des.c", "C", 0, 0, 136, 129, 40, 305
"y:\workplace\24_platform_secrecy\01_fwlib\01_stm32\05_stm32f4\02_V1.9.0\src\stm32f4xx_cryp_tdes.c", "C", 0, 0, 152, 130, 39, 321
"y:\workplace\24_platform_secrecy\01_fwlib\01_stm32\05_stm32f4\02_V1.9.0\src\stm32f4xx_dac.c", "C", 0, 0, 203, 440, 64, 707
"y:\workplace\24_platform_secrecy\01_fwlib\01_stm32\05_stm32f4\02_V1.9.0\src\stm32f4xx_dbgmcu.c", "C", 0, 0, 49, 106, 18, 173
"y:\workplace\24_platform_secrecy\01_fwlib\01_stm32\05_stm32f4\02_V1.9.0\src\stm32f4xx_dcmi.c", "C", 0, 0, 178, 303, 50, 531
"y:\workplace\24_platform_secrecy\01_fwlib\01_stm32\05_stm32f4\02_V1.9.0\src\stm32f4xx_dfsdm.c", "C", 0, 0, 823, 1132, 247, 2202
"y:\workplace\24_platform_secrecy\01_fwlib\01_stm32\05_stm32f4\02_V1.9.0\src\stm32f4xx_dma.c", "C", 0, 0, 424, 759, 111, 1294
"y:\workplace\24_platform_secrecy\01_fwlib\01_stm32\05_stm32f4\02_V1.9.0\src\stm32f4xx_dma2d.c", "C", 0, 0, 303, 361, 113, 777
"y:\workplace\24_platform_secrecy\01_fwlib\01_stm32\05_stm32f4\02_V1.9.0\src\stm32f4xx_dsi.c", "C", 0, 0, 815, 740, 208, 1763
"y:\workplace\24_platform_secrecy\01_fwlib\01_stm32\05_stm32f4\02_V1.9.0\src\stm32f4xx_exti.c", "C", 0, 0, 94, 172, 39, 305
"y:\workplace\24_platform_secrecy\01_fwlib\01_stm32\05_stm32f4\02_V1.9.0\src\stm32f4xx_flash.c", "C", 0, 0, 531, 930, 151, 1612
"y:\workplace\24_platform_secrecy\01_fwlib\01_stm32\05_stm32f4\02_V1.9.0\src\stm32f4xx_flash_ramfunc.c", "C", 0, 0, 23, 114, 14, 151
"y:\workplace\24_platform_secrecy\01_fwlib\01_stm32\05_stm32f4\02_V1.9.0\src\stm32f4xx_fmc.c", "C", 0, 0, 748, 600, 151, 1499
"y:\workplace\24_platform_secrecy\01_fwlib\01_stm32\05_stm32f4\02_V1.9.0\src\stm32f4xx_fmpi2c.c", "C", 0, 0, 511, 879, 157, 1547
"y:\workplace\24_platform_secrecy\01_fwlib\01_stm32\05_stm32f4\02_V1.9.0\src\stm32f4xx_fsmc.c", "C", 0, 0, 540, 453, 100, 1093
"y:\workplace\24_platform_secrecy\01_fwlib\01_stm32\05_stm32f4\02_V1.9.0\src\stm32f4xx_gpio.c", "C", 0, 0, 201, 348, 55, 604
"y:\workplace\24_platform_secrecy\01_fwlib\01_stm32\05_stm32f4\02_V1.9.0\src\stm32f4xx_hash.c", "C", 0, 0, 173, 489, 57, 719
"y:\workplace\24_platform_secrecy\01_fwlib\01_stm32\05_stm32f4\02_V1.9.0\src\stm32f4xx_hash_md5.c", "C", 0, 0, 147, 125, 41, 313
"y:\workplace\24_platform_secrecy\01_fwlib\01_stm32\05_stm32f4\02_V1.9.0\src\stm32f4xx_hash_sha1.c", "C", 0, 0, 151, 125, 40, 316
"y:\workplace\24_platform_secrecy\01_fwlib\01_stm32\05_stm32f4\02_V1.9.0\src\stm32f4xx_i2c.c", "C", 0, 0, 500, 860, 104, 1464
"y:\workplace\24_platform_secrecy\01_fwlib\01_stm32\05_stm32f4\02_V1.9.0\src\stm32f4xx_iwdg.c", "C", 0, 0, 40, 195, 24, 259
"y:\workplace\24_platform_secrecy\01_fwlib\01_stm32\05_stm32f4\02_V1.9.0\src\stm32f4xx_lptim.c", "C", 0, 0, 262, 576, 106, 944
"y:\workplace\24_platform_secrecy\01_fwlib\01_stm32\05_stm32f4\02_V1.9.0\src\stm32f4xx_ltdc.c", "C", 0, 0, 480, 462, 161, 1103
"y:\workplace\24_platform_secrecy\01_fwlib\01_stm32\05_stm32f4\02_V1.9.0\src\stm32f4xx_pwr.c", "C", 0, 0, 274, 671, 101, 1046
"y:\workplace\24_platform_secrecy\01_fwlib\01_stm32\05_stm32f4\02_V1.9.0\src\stm32f4xx_qspi.c", "C", 0, 0, 343, 476, 85, 904
"y:\workplace\24_platform_secrecy\01_fwlib\01_stm32\05_stm32f4\02_V1.9.0\src\stm32f4xx_rcc.c", "C", 0, 0, 976, 1931, 278, 3185
"y:\workplace\24_platform_secrecy\01_fwlib\01_stm32\05_stm32f4\02_V1.9.0\src\stm32f4xx_rng.c", "C", 0, 0, 81, 286, 32, 399
"y:\workplace\24_platform_secrecy\01_fwlib\01_stm32\05_stm32f4\02_V1.9.0\src\stm32f4xx_rtc.c", "C", 0, 0, 1054, 1409, 295, 2758
"y:\workplace\24_platform_secrecy\01_fwlib\01_stm32\05_stm32f4\02_V1.9.0\src\stm32f4xx_sai.c", "C", 0, 0, 340, 737, 83, 1160
"y:\workplace\24_platform_secrecy\01_fwlib\01_stm32\05_stm32f4\02_V1.9.0\src\stm32f4xx_sdio.c", "C", 0, 0, 244, 655, 105, 1004
"y:\workplace\24_platform_secrecy\01_fwlib\01_stm32\05_stm32f4\02_V1.9.0\src\stm32f4xx_spdifrx.c", "C", 0, 0, 167, 275, 45, 487
"y:\workplace\24_platform_secrecy\01_fwlib\01_stm32\05_stm32f4\02_V1.9.0\src\stm32f4xx_spi.c", "C", 0, 0, 421, 796, 109, 1326
"y:\workplace\24_platform_secrecy\01_fwlib\01_stm32\05_stm32f4\02_V1.9.0\src\stm32f4xx_syscfg.c", "C", 0, 0, 204, 243, 67, 514
"y:\workplace\24_platform_secrecy\01_fwlib\01_stm32\05_stm32f4\02_V1.9.0\src\stm32f4xx_tim.c", "C", 0, 0, 1171, 1785, 402, 3358
"y:\workplace\24_platform_secrecy\01_fwlib\01_stm32\05_stm32f4\02_V1.9.0\src\stm32f4xx_usart.c", "C", 0, 0, 448, 914, 117, 1479
"y:\workplace\24_platform_secrecy\01_fwlib\01_stm32\05_stm32f4\02_V1.9.0\src\stm32f4xx_wwdg.c", "C", 0, 0, 61, 209, 30, 300
"Total", "-", 6, 27007, 115174, 74835, 28359, 245381